ID_encuesta,Relacion_MarNCP,Ocu_agrupado,Encuestador,Sitio,Residencia_costa,Distancia_residenciaKm,Edad,Genero,Ingresos,Integrantes_familia,Nota_conocimiento,Participacion_avistamiento,AmbOrigen,Ambiente_bienestar,Ambiente,Agrado,Desagrado,Frec_visita,Frec_infancia,Ingreso_percap,AgradoCH,DesagradoCH
DC07071981,NO MATERIAL- Exp. fís. y psic.,Profesional,GIORGIA,CASA,Reside en la costa,0.35714285714285715,38,Masculino,1925000,2,5,0,VERDE,6,Verde,2,5,1,1,962500,Comportamiento,Nada le desagrada
DC07071981,NO MATERIAL- Exp. fís. y psic.,Profesional,GIORGIA,CASA,Reside en la costa,0.35714285714285715,38,Masculino,1925000,2,5,0,VERDE,7,Urbano,2,5,0.04,0,962500,Comportamiento,Nada le desagrada
DC07071981,NO MATERIAL- Exp. fís. y psic.,Profesional,GIORGIA,CASA,Reside en la costa,0.35714285714285715,38,Masculino,1925000,2,5,0,VERDE,6,PlayaNat,2,5,0.04,0,962500,Comportamiento,Nada le desagrada
DC07071981,NO MATERIAL- Exp. fís. y psic.,Profesional,GIORGIA,CASA,Reside en la costa,0.35714285714285715,38,Masculino,1925000,2,5,0,VERDE,6,PlayaInt,2,5,1,1,962500,Comportamiento,Nada le desagrada
DC07071981,NO MATERIAL- Exp. fís. y psic.,Profesional,GIORGIA,CASA,Reside en la costa,0.35714285714285715,38,Masculino,1925000,2,5,0,VERDE,6,RocaNat,2,5,1,1,962500,Comportamiento,Nada le desagrada
DC07071981,NO MATERIAL- Exp. fís. y psic.,Profesional,GIORGIA,CASA,Reside en la costa,0.35714285714285715,38,Masculino,1925000,2,5,0,VERDE,6,RocaInt,2,5,0.25,0,962500,Comportamiento,Nada le desagrada
NA21094,NO MATERIAL- Exp. fís. y psic.,Independiente,GIORGIA,LAGUNA VERDE,Reside en la costa,1,24,Femenino,1000000,5,4,0.25,PLAYA NATURAL,7,Verde,6,2,0.25,-1,200000,NA,Comportamiento
NA21094,NO MATERIAL- Exp. fís. y psic.,Independiente,GIORGIA,LAGUNA VERDE,Reside en la costa,1,24,Femenino,1000000,5,4,0.25,PLAYA NATURAL,3,Urbano,2,2,1,0,200000,Comportamiento,Comportamiento
NA21094,NO MATERIAL- Exp. fís. y psic.,Independiente,GIORGIA,LAGUNA VERDE,Reside en la costa,1,24,Femenino,1000000,5,4,0.25,PLAYA NATURAL,5,PlayaNat,2,5,0.04,1,200000,Comportamiento,Nada le desagrada
NA21094,NO MATERIAL- Exp. fís. y psic.,Independiente,GIORGIA,LAGUNA VERDE,Reside en la costa,1,24,Femenino,1000000,5,4,0.25,PLAYA NATURAL,5,PlayaInt,2,5,1,1,200000,Comportamiento,Nada le desagrada
NA21094,NO MATERIAL- Exp. fís. y psic.,Independiente,GIORGIA,LAGUNA VERDE,Reside en la costa,1,24,Femenino,1000000,5,4,0.25,PLAYA NATURAL,6,RocaNat,2,2,1,1,200000,Comportamiento,Comportamiento
NA21094,NO MATERIAL- Exp. fís. y psic.,Independiente,GIORGIA,LAGUNA VERDE,Reside en la costa,1,24,Femenino,1000000,5,4,0.25,PLAYA NATURAL,6,RocaInt,2,5,0.25,-1,200000,Comportamiento,Nada le desagrada
AU1509,NO MATERIAL- Exp. fís. y psic.,Estudiante,GIORGIA,PLAYA AMARILLA,NA,0.0196078431372549,25,Femenino,150000,NA,1,0,PLAYA INTERVENIDA,1,Verde,5,2,0.25,0,NA,Nada le agrada,Comportamiento
AU1509,NO MATERIAL- Exp. fís. y psic.,Estudiante,GIORGIA,PLAYA AMARILLA,NA,0.0196078431372549,25,Femenino,150000,NA,1,0,PLAYA INTERVENIDA,1,Urbano,5,2,0.25,0,NA,Nada le agrada,Comportamiento
AU1509,NO MATERIAL- Exp. fís. y psic.,Estudiante,GIORGIA,PLAYA AMARILLA,NA,0.0196078431372549,25,Femenino,150000,NA,1,0,PLAYA INTERVENIDA,3,PlayaNat,1,2,0.04,0,NA,Estética,Comportamiento
AU1509,NO MATERIAL- Exp. fís. y psic.,Estudiante,GIORGIA,PLAYA AMARILLA,NA,0.0196078431372549,25,Femenino,150000,NA,1,0,PLAYA INTERVENIDA,2,PlayaInt,5,2,0.04,0,NA,Nada le agrada,Comportamiento
AU1509,NO MATERIAL- Exp. fís. y psic.,Estudiante,GIORGIA,PLAYA AMARILLA,NA,0.0196078431372549,25,Femenino,150000,NA,1,0,PLAYA INTERVENIDA,4,RocaNat,1,2,0.04,0,NA,Estética,Comportamiento
AU1509,NO MATERIAL- Exp. fís. y psic.,Estudiante,GIORGIA,PLAYA AMARILLA,NA,0.0196078431372549,25,Femenino,150000,NA,1,0,PLAYA INTERVENIDA,2,RocaInt,5,2,0.04,0,NA,Nada le agrada,Comportamiento
SUSANA,NO MATERIAL- Exp. fís. y psic.,Inactivo,GIORGIA,LAS SIRENAS,Reside en la costa,0.7692307692307692,71,Femenino,150000,NA,2,0,VERDE,7,Verde,6,2,1,1,NA,NA,Comportamiento
SUSANA,NO MATERIAL- Exp. fís. y psic.,Inactivo,GIORGIA,LAS SIRENAS,Reside en la costa,0.7692307692307692,71,Femenino,150000,NA,2,0,VERDE,7,Urbano,4,2,1,0,NA,Simbolismo,Comportamiento
SUSANA,NO MATERIAL- Exp. fís. y psic.,Inactivo,GIORGIA,LAS SIRENAS,Reside en la costa,0.7692307692307692,71,Femenino,150000,NA,2,0,VERDE,7,PlayaNat,4,5,0.01,-1,NA,Simbolismo,Nada le desagrada
SUSANA,NO MATERIAL- Exp. fís. y psic.,Inactivo,GIORGIA,LAS SIRENAS,Reside en la costa,0.7692307692307692,71,Femenino,150000,NA,2,0,VERDE,5,PlayaInt,2,2,1,1,NA,Comportamiento,Comportamiento
SUSANA,NO MATERIAL- Exp. fís. y psic.,Inactivo,GIORGIA,LAS SIRENAS,Reside en la costa,0.7692307692307692,71,Femenino,150000,NA,2,0,VERDE,7,RocaNat,1,6,0.04,-1,NA,Estética,NA
SUSANA,NO MATERIAL- Exp. fís. y psic.,Inactivo,GIORGIA,LAS SIRENAS,Reside en la costa,0.7692307692307692,71,Femenino,150000,NA,2,0,VERDE,7,RocaInt,1,6,1,1,NA,Estética,NA
WS20961,NO MATERIAL- Sop. identidad,Independiente,GIORGIA,LAGUNA VERDE,Reside en la costa,1,58,Masculino,1000000,10,3,0,PLAYA NATURAL,7,Verde,3,5,0.01,-1,100000,Familiaridad,Nada le desagrada
WS20961,NO MATERIAL- Sop. identidad,Independiente,GIORGIA,LAGUNA VERDE,Reside en la costa,1,58,Masculino,1000000,10,3,0,PLAYA NATURAL,3,Urbano,2,6,0.04,-1,100000,Comportamiento,NA
WS20961,NO MATERIAL- Sop. identidad,Independiente,GIORGIA,LAGUNA VERDE,Reside en la costa,1,58,Masculino,1000000,10,3,0,PLAYA NATURAL,7,PlayaNat,2,5,1,1,100000,Comportamiento,Nada le desagrada
WS20961,NO MATERIAL- Sop. identidad,Independiente,GIORGIA,LAGUNA VERDE,Reside en la costa,1,58,Masculino,1000000,10,3,0,PLAYA NATURAL,7,PlayaInt,2,2,0.01,-1,100000,Comportamiento,Comportamiento
WS20961,NO MATERIAL- Sop. identidad,Independiente,GIORGIA,LAGUNA VERDE,Reside en la costa,1,58,Masculino,1000000,10,3,0,PLAYA NATURAL,7,RocaNat,2,5,1,1,100000,Comportamiento,Nada le desagrada
WS20961,NO MATERIAL- Sop. identidad,Independiente,GIORGIA,LAGUNA VERDE,Reside en la costa,1,58,Masculino,1000000,10,3,0,PLAYA NATURAL,7,RocaInt,3,5,0.25,1,100000,Familiaridad,Nada le desagrada
AG6983,NO MATERIAL- Exp. fís. y psic.,Técnico/ operacional,GIORGIA,PLAYA NEGRA,Reside en la costa,1,36,Masculino,1000000,4,3.5,0,PLAYA NATURAL,7,Verde,2,2,0.25,1,250000,Comportamiento,Comportamiento
AG6983,NO MATERIAL- Exp. fís. y psic.,Técnico/ operacional,GIORGIA,PLAYA NEGRA,Reside en la costa,1,36,Masculino,1000000,4,3.5,0,PLAYA NATURAL,7,Urbano,2,5,1,0,250000,Comportamiento,Nada le desagrada
AG6983,NO MATERIAL- Exp. fís. y psic.,Técnico/ operacional,GIORGIA,PLAYA NEGRA,Reside en la costa,1,36,Masculino,1000000,4,3.5,0,PLAYA NATURAL,7,PlayaNat,2,5,1,1,250000,Comportamiento,Nada le desagrada
AG6983,NO MATERIAL- Exp. fís. y psic.,Técnico/ operacional,GIORGIA,PLAYA NEGRA,Reside en la costa,1,36,Masculino,1000000,4,3.5,0,PLAYA NATURAL,7,PlayaInt,2,5,0.01,-1,250000,Comportamiento,Nada le desagrada
AG6983,NO MATERIAL- Exp. fís. y psic.,Técnico/ operacional,GIORGIA,PLAYA NEGRA,Reside en la costa,1,36,Masculino,1000000,4,3.5,0,PLAYA NATURAL,7,RocaNat,2,5,0.25,-1,250000,Comportamiento,Nada le desagrada
AG6983,NO MATERIAL- Exp. fís. y psic.,Técnico/ operacional,GIORGIA,PLAYA NEGRA,Reside en la costa,1,36,Masculino,1000000,4,3.5,0,PLAYA NATURAL,7,RocaInt,2,1,0.01,0,250000,Comportamiento,Estética
CB751992,NO MATERIAL- Exp. fís. y psic.,Estudiante,GIORGIA,PLAZA RECREO,Reside en la costa,0.6666666666666666,27,Femenino,3400000,6,1,0,VERDE,7,Verde,4,5,1,-1,566666.6666666666,Simbolismo,Nada le desagrada
CB751992,NO MATERIAL- Exp. fís. y psic.,Estudiante,GIORGIA,PLAZA RECREO,Reside en la costa,0.6666666666666666,27,Femenino,3400000,6,1,0,VERDE,7,Urbano,4,5,1,0,566666.6666666666,Simbolismo,Nada le desagrada
CB751992,NO MATERIAL- Exp. fís. y psic.,Estudiante,GIORGIA,PLAZA RECREO,Reside en la costa,0.6666666666666666,27,Femenino,3400000,6,1,0,VERDE,7,PlayaNat,4,6,0.04,0,566666.6666666666,Simbolismo,NA
CB751992,NO MATERIAL- Exp. fís. y psic.,Estudiante,GIORGIA,PLAZA RECREO,Reside en la costa,0.6666666666666666,27,Femenino,3400000,6,1,0,VERDE,7,PlayaInt,4,5,1,0,566666.6666666666,Simbolismo,Nada le desagrada
CB751992,NO MATERIAL- Exp. fís. y psic.,Estudiante,GIORGIA,PLAZA RECREO,Reside en la costa,0.6666666666666666,27,Femenino,3400000,6,1,0,VERDE,7,RocaNat,4,5,0.04,0,566666.6666666666,Simbolismo,Nada le desagrada
CB751992,NO MATERIAL- Exp. fís. y psic.,Estudiante,GIORGIA,PLAZA RECREO,Reside en la costa,0.6666666666666666,27,Femenino,3400000,6,1,0,VERDE,7,RocaInt,3,3,0.01,-1,566666.6666666666,Familiaridad,Familiaridad
PG130858,MATERIAL- Materiales y asistencia,Técnico/ operacional,GIORGIA,CLUB YATES,NA,0.058823529411764705,61,Masculino,1000000,4,3,0,ROCA INTERVENIDA,6,Verde,2,2,1,-1,250000,Comportamiento,Comportamiento
PG130858,MATERIAL- Materiales y asistencia,Técnico/ operacional,GIORGIA,CLUB YATES,NA,0.058823529411764705,61,Masculino,1000000,4,3,0,ROCA INTERVENIDA,6,Urbano,2,5,1,0,250000,Comportamiento,Nada le desagrada
PG130858,MATERIAL- Materiales y asistencia,Técnico/ operacional,GIORGIA,CLUB YATES,NA,0.058823529411764705,61,Masculino,1000000,4,3,0,ROCA INTERVENIDA,7,PlayaNat,2,5,1,1,250000,Comportamiento,Nada le desagrada
PG130858,MATERIAL- Materiales y asistencia,Técnico/ operacional,GIORGIA,CLUB YATES,NA,0.058823529411764705,61,Masculino,1000000,4,3,0,ROCA INTERVENIDA,5,PlayaInt,2,5,1,0,250000,Comportamiento,Nada le desagrada
PG130858,MATERIAL- Materiales y asistencia,Técnico/ operacional,GIORGIA,CLUB YATES,NA,0.058823529411764705,61,Masculino,1000000,4,3,0,ROCA INTERVENIDA,7,RocaNat,3,5,1,1,250000,Familiaridad,Nada le desagrada
PG130858,MATERIAL- Materiales y asistencia,Técnico/ operacional,GIORGIA,CLUB YATES,NA,0.058823529411764705,61,Masculino,1000000,4,3,0,ROCA INTERVENIDA,7,RocaInt,2,5,1,-1,250000,Comportamiento,Nada le desagrada
DD21011994,NO MATERIAL- Exp. fís. y psic.,Independiente,GIORGIA,LAGHU YOGA,Reside en la costa,0.5,25,Femenino,150000,2,2,0,URBANO,7,Verde,4,5,0.25,-1,75000,Simbolismo,Nada le desagrada
DD21011994,NO MATERIAL- Exp. fís. y psic.,Independiente,GIORGIA,LAGHU YOGA,Reside en la costa,0.5,25,Femenino,150000,2,2,0,URBANO,5,Urbano,3,5,1,0,75000,Familiaridad,Nada le desagrada
DD21011994,NO MATERIAL- Exp. fís. y psic.,Independiente,GIORGIA,LAGHU YOGA,Reside en la costa,0.5,25,Femenino,150000,2,2,0,URBANO,7,PlayaNat,2,2,1,1,75000,Comportamiento,Comportamiento
DD21011994,NO MATERIAL- Exp. fís. y psic.,Independiente,GIORGIA,LAGHU YOGA,Reside en la costa,0.5,25,Femenino,150000,2,2,0,URBANO,7,PlayaInt,3,2,1,1,75000,Familiaridad,Comportamiento
DD21011994,NO MATERIAL- Exp. fís. y psic.,Independiente,GIORGIA,LAGHU YOGA,Reside en la costa,0.5,25,Femenino,150000,2,2,0,URBANO,7,RocaNat,2,5,1,1,75000,Comportamiento,Nada le desagrada
DD21011994,NO MATERIAL- Exp. fís. y psic.,Independiente,GIORGIA,LAGHU YOGA,Reside en la costa,0.5,25,Femenino,150000,2,2,0,URBANO,4,RocaInt,2,2,0.01,-1,75000,Comportamiento,Comportamiento
MK17101990,NO MATERIAL- Exp. fís. y psic.,Independiente,GIORGIA,LAGHU YOGA,Reside en la costa,0.5,29,Masculino,150000,2,3,0,URBANO,7,Verde,1,3,0.25,1,75000,Estética,Familiaridad
MK17101990,NO MATERIAL- Exp. fís. y psic.,Independiente,GIORGIA,LAGHU YOGA,Reside en la costa,0.5,29,Masculino,150000,2,3,0,URBANO,6,Urbano,1,3,1,0,75000,Estética,Familiaridad
MK17101990,NO MATERIAL- Exp. fís. y psic.,Independiente,GIORGIA,LAGHU YOGA,Reside en la costa,0.5,29,Masculino,150000,2,3,0,URBANO,7,PlayaNat,4,3,1,1,75000,Simbolismo,Familiaridad
MK17101990,NO MATERIAL- Exp. fís. y psic.,Independiente,GIORGIA,LAGHU YOGA,Reside en la costa,0.5,29,Masculino,150000,2,3,0,URBANO,7,PlayaInt,1,5,1,1,75000,Estética,Nada le desagrada
MK17101990,NO MATERIAL- Exp. fís. y psic.,Independiente,GIORGIA,LAGHU YOGA,Reside en la costa,0.5,29,Masculino,150000,2,3,0,URBANO,7,RocaNat,4,5,0.25,1,75000,Simbolismo,Nada le desagrada
MK17101990,NO MATERIAL- Exp. fís. y psic.,Independiente,GIORGIA,LAGHU YOGA,Reside en la costa,0.5,29,Masculino,150000,2,3,0,URBANO,4,RocaInt,1,2,0.04,1,75000,Estética,Comportamiento
PA2461991,NO MATERIAL- Exp. fís. y psic.,Profesional,GIORGIA,CASA,NA,0.007407407407407408,28,Femenino,1000000,2,1,0,VERDE,6,Verde,2,5,0.04,0,500000,Comportamiento,Nada le desagrada
PA2461991,NO MATERIAL- Exp. fís. y psic.,Profesional,GIORGIA,CASA,NA,0.007407407407407408,28,Femenino,1000000,2,1,0,VERDE,6,Urbano,2,5,0.04,1,500000,Comportamiento,Nada le desagrada
PA2461991,NO MATERIAL- Exp. fís. y psic.,Profesional,GIORGIA,CASA,NA,0.007407407407407408,28,Femenino,1000000,2,1,0,VERDE,6,PlayaNat,2,3,0.04,1,500000,Comportamiento,Familiaridad
PA2461991,NO MATERIAL- Exp. fís. y psic.,Profesional,GIORGIA,CASA,NA,0.007407407407407408,28,Femenino,1000000,2,1,0,VERDE,5,PlayaInt,5,5,0.04,1,500000,Nada le agrada,Nada le desagrada
PA2461991,NO MATERIAL- Exp. fís. y psic.,Profesional,GIORGIA,CASA,NA,0.007407407407407408,28,Femenino,1000000,2,1,0,VERDE,6,RocaNat,2,5,0.04,1,500000,Comportamiento,Nada le desagrada
PA2461991,NO MATERIAL- Exp. fís. y psic.,Profesional,GIORGIA,CASA,NA,0.007407407407407408,28,Femenino,1000000,2,1,0,VERDE,2,RocaInt,5,2,0.01,0,500000,Nada le agrada,Comportamiento
MJOG,NO MATERIAL- Exp. fís. y psic.,Técnico/ operacional,GIORGIA,CASA,Reside en la costa,0.25,29,Femenino,1000000,4,2,0,VERDE,7,Verde,2,5,1,-1,250000,Comportamiento,Nada le desagrada
MJOG,NO MATERIAL- Exp. fís. y psic.,Técnico/ operacional,GIORGIA,CASA,Reside en la costa,0.25,29,Femenino,1000000,4,2,0,VERDE,7,Urbano,2,5,1,1,250000,Comportamiento,Nada le desagrada
MJOG,NO MATERIAL- Exp. fís. y psic.,Técnico/ operacional,GIORGIA,CASA,Reside en la costa,0.25,29,Femenino,1000000,4,2,0,VERDE,7,PlayaNat,2,5,1,-1,250000,Comportamiento,Nada le desagrada
MJOG,NO MATERIAL- Exp. fís. y psic.,Técnico/ operacional,GIORGIA,CASA,Reside en la costa,0.25,29,Femenino,1000000,4,2,0,VERDE,7,PlayaInt,2,5,1,1,250000,Comportamiento,Nada le desagrada
MJOG,NO MATERIAL- Exp. fís. y psic.,Técnico/ operacional,GIORGIA,CASA,Reside en la costa,0.25,29,Femenino,1000000,4,2,0,VERDE,7,RocaNat,2,5,1,-1,250000,Comportamiento,Nada le desagrada
MJOG,NO MATERIAL- Exp. fís. y psic.,Técnico/ operacional,GIORGIA,CASA,Reside en la costa,0.25,29,Femenino,1000000,4,2,0,VERDE,7,RocaInt,2,5,0.25,-1,250000,Comportamiento,Nada le desagrada
JP05061990,NO MATERIAL- Exp. fís. y psic.,Técnico/ operacional,GIORGIA,CASA,NA,0.007407407407407408,29,Masculino,1925000,2,2,0,VERDE,7,Verde,2,5,1,-1,962500,Comportamiento,Nada le desagrada
JP05061990,NO MATERIAL- Exp. fís. y psic.,Técnico/ operacional,GIORGIA,CASA,NA,0.007407407407407408,29,Masculino,1925000,2,2,0,VERDE,7,Urbano,2,5,1,1,962500,Comportamiento,Nada le desagrada
JP05061990,NO MATERIAL- Exp. fís. y psic.,Técnico/ operacional,GIORGIA,CASA,NA,0.007407407407407408,29,Masculino,1925000,2,2,0,VERDE,7,PlayaNat,2,5,0.04,-1,962500,Comportamiento,Nada le desagrada
JP05061990,NO MATERIAL- Exp. fís. y psic.,Técnico/ operacional,GIORGIA,CASA,NA,0.007407407407407408,29,Masculino,1925000,2,2,0,VERDE,7,PlayaInt,4,5,0.04,-1,962500,Simbolismo,Nada le desagrada
JP05061990,NO MATERIAL- Exp. fís. y psic.,Técnico/ operacional,GIORGIA,CASA,NA,0.007407407407407408,29,Masculino,1925000,2,2,0,VERDE,7,RocaNat,2,2,0.04,-1,962500,Comportamiento,Comportamiento
JP05061990,NO MATERIAL- Exp. fís. y psic.,Técnico/ operacional,GIORGIA,CASA,NA,0.007407407407407408,29,Masculino,1925000,2,2,0,VERDE,7,RocaInt,2,2,0.01,-1,962500,Comportamiento,Comportamiento
SC17121981,NO MATERIAL- Exp. fís. y psic.,Profesional,GIORGIA,CASA,NA,0.007407407407407408,38,Femenino,1000000,1,2,0,VERDE,7,Verde,3,5,1,0,1000000,Familiaridad,Nada le desagrada
SC17121981,NO MATERIAL- Exp. fís. y psic.,Profesional,GIORGIA,CASA,NA,0.007407407407407408,38,Femenino,1000000,1,2,0,VERDE,7,Urbano,3,2,1,0,1000000,Familiaridad,Comportamiento
SC17121981,NO MATERIAL- Exp. fís. y psic.,Profesional,GIORGIA,CASA,NA,0.007407407407407408,38,Femenino,1000000,1,2,0,VERDE,7,PlayaNat,2,5,0.04,-1,1000000,Comportamiento,Nada le desagrada
SC17121981,NO MATERIAL- Exp. fís. y psic.,Profesional,GIORGIA,CASA,NA,0.007407407407407408,38,Femenino,1000000,1,2,0,VERDE,7,PlayaInt,1,5,0.04,0,1000000,Estética,Nada le desagrada
SC17121981,NO MATERIAL- Exp. fís. y psic.,Profesional,GIORGIA,CASA,NA,0.007407407407407408,38,Femenino,1000000,1,2,0,VERDE,7,RocaNat,2,5,0.04,-1,1000000,Comportamiento,Nada le desagrada
SC17121981,NO MATERIAL- Exp. fís. y psic.,Profesional,GIORGIA,CASA,NA,0.007407407407407408,38,Femenino,1000000,1,2,0,VERDE,7,RocaInt,2,5,0.04,0,1000000,Comportamiento,Nada le desagrada
AB060659,NO MATERIAL- Exp. fís. y psic.,Profesional,GIORGIA,CASA,Reside en la costa,0.3333333333333333,60,Femenino,1925000,1,4,0,VERDE,7,Verde,2,3,1,0,1925000,Comportamiento,Familiaridad
AB060659,NO MATERIAL- Exp. fís. y psic.,Profesional,GIORGIA,CASA,Reside en la costa,0.3333333333333333,60,Femenino,1925000,1,4,0,VERDE,7,Urbano,1,5,1,1,1925000,Estética,Nada le desagrada
AB060659,NO MATERIAL- Exp. fís. y psic.,Profesional,GIORGIA,CASA,Reside en la costa,0.3333333333333333,60,Femenino,1925000,1,4,0,VERDE,6,PlayaNat,4,2,0.04,-1,1925000,Simbolismo,Comportamiento
AB060659,NO MATERIAL- Exp. fís. y psic.,Profesional,GIORGIA,CASA,Reside en la costa,0.3333333333333333,60,Femenino,1925000,1,4,0,VERDE,5,PlayaInt,3,5,0.04,-1,1925000,Familiaridad,Nada le desagrada
AB060659,NO MATERIAL- Exp. fís. y psic.,Profesional,GIORGIA,CASA,Reside en la costa,0.3333333333333333,60,Femenino,1925000,1,4,0,VERDE,7,RocaNat,4,2,0.04,1,1925000,Simbolismo,Comportamiento
AB060659,NO MATERIAL- Exp. fís. y psic.,Profesional,GIORGIA,CASA,Reside en la costa,0.3333333333333333,60,Femenino,1925000,1,4,0,VERDE,7,RocaInt,3,3,0.25,1,1925000,Familiaridad,Familiaridad
FC01061991,NO MATERIAL- Exp. fís. y psic.,Profesional,GIORGIA,CASA,NA,0.007407407407407408,28,Femenino,3400000,5,6,0.5,VERDE,7,Verde,3,5,1,1,680000,Familiaridad,Nada le desagrada
FC01061991,NO MATERIAL- Exp. fís. y psic.,Profesional,GIORGIA,CASA,NA,0.007407407407407408,28,Femenino,3400000,5,6,0.5,VERDE,7,Urbano,1,2,1,1,680000,Estética,Comportamiento
FC01061991,NO MATERIAL- Exp. fís. y psic.,Profesional,GIORGIA,CASA,NA,0.007407407407407408,28,Femenino,3400000,5,6,0.5,VERDE,7,PlayaNat,3,5,0.25,1,680000,Familiaridad,Nada le desagrada
FC01061991,NO MATERIAL- Exp. fís. y psic.,Profesional,GIORGIA,CASA,NA,0.007407407407407408,28,Femenino,3400000,5,6,0.5,VERDE,5,PlayaInt,3,2,0.25,1,680000,Familiaridad,Comportamiento
FC01061991,NO MATERIAL- Exp. fís. y psic.,Profesional,GIORGIA,CASA,NA,0.007407407407407408,28,Femenino,3400000,5,6,0.5,VERDE,7,RocaNat,3,5,0.25,1,680000,Familiaridad,Nada le desagrada
FC01061991,NO MATERIAL- Exp. fís. y psic.,Profesional,GIORGIA,CASA,NA,0.007407407407407408,28,Femenino,3400000,5,6,0.5,VERDE,5,RocaInt,1,2,0.04,1,680000,Estética,Comportamiento
GG14071981,NO MATERIAL- Exp. fís. y psic.,Profesional,FRAN,CASA,Reside en la costa,0.3333333333333333,38,Femenino,1925000,2,6,0.25,VERDE,7,Verde,1,5,1,0,962500,Estética,Nada le desagrada
GG14071981,NO MATERIAL- Exp. fís. y psic.,Profesional,FRAN,CASA,Reside en la costa,0.3333333333333333,38,Femenino,1925000,2,6,0.25,VERDE,7,Urbano,3,2,1,-1,962500,Familiaridad,Comportamiento
GG14071981,NO MATERIAL- Exp. fís. y psic.,Profesional,FRAN,CASA,Reside en la costa,0.3333333333333333,38,Femenino,1925000,2,6,0.25,VERDE,7,PlayaNat,2,5,1,1,962500,Comportamiento,Nada le desagrada
GG14071981,NO MATERIAL- Exp. fís. y psic.,Profesional,FRAN,CASA,Reside en la costa,0.3333333333333333,38,Femenino,1925000,2,6,0.25,VERDE,7,PlayaInt,1,2,1,1,962500,Estética,Comportamiento
GG14071981,NO MATERIAL- Exp. fís. y psic.,Profesional,FRAN,CASA,Reside en la costa,0.3333333333333333,38,Femenino,1925000,2,6,0.25,VERDE,7,RocaNat,2,5,1,1,962500,Comportamiento,Nada le desagrada
GG14071981,NO MATERIAL- Exp. fís. y psic.,Profesional,FRAN,CASA,Reside en la costa,0.3333333333333333,38,Femenino,1925000,2,6,0.25,VERDE,7,RocaInt,2,3,0.25,0,962500,Comportamiento,Familiaridad
J120889,NO MATERIAL- Aprendizaje e insp.,Técnico/ operacional,FRAN,SECTOR 5,Reside en la costa,0.6666666666666666,30,Femenino,425000,2,1,0,PLAYA INTERVENIDA,7,Verde,2,2,1,-1,212500,Comportamiento,Comportamiento
J120889,NO MATERIAL- Aprendizaje e insp.,Técnico/ operacional,FRAN,SECTOR 5,Reside en la costa,0.6666666666666666,30,Femenino,425000,2,1,0,PLAYA INTERVENIDA,5,Urbano,2,2,0.25,-1,212500,Comportamiento,Comportamiento
J120889,NO MATERIAL- Aprendizaje e insp.,Técnico/ operacional,FRAN,SECTOR 5,Reside en la costa,0.6666666666666666,30,Femenino,425000,2,1,0,PLAYA INTERVENIDA,7,PlayaNat,2,5,1,1,212500,Comportamiento,Nada le desagrada
J120889,NO MATERIAL- Aprendizaje e insp.,Técnico/ operacional,FRAN,SECTOR 5,Reside en la costa,0.6666666666666666,30,Femenino,425000,2,1,0,PLAYA INTERVENIDA,6,PlayaInt,2,2,1,1,212500,Comportamiento,Comportamiento
J120889,NO MATERIAL- Aprendizaje e insp.,Técnico/ operacional,FRAN,SECTOR 5,Reside en la costa,0.6666666666666666,30,Femenino,425000,2,1,0,PLAYA INTERVENIDA,6,RocaNat,3,5,0.25,1,212500,Familiaridad,Nada le desagrada
J120889,NO MATERIAL- Aprendizaje e insp.,Técnico/ operacional,FRAN,SECTOR 5,Reside en la costa,0.6666666666666666,30,Femenino,425000,2,1,0,PLAYA INTERVENIDA,7,RocaInt,2,2,0.04,-1,212500,Comportamiento,Comportamiento
C270991,NO MATERIAL- Exp. fís. y psic.,Independiente,FRAN,SECTOR 5,Reside en la costa,0.07692307692307693,28,Femenino,425000,5,3,0,PLAYA INTERVENIDA,6,Verde,2,2,0.01,-1,85000,Comportamiento,Comportamiento
C270991,NO MATERIAL- Exp. fís. y psic.,Independiente,FRAN,SECTOR 5,Reside en la costa,0.07692307692307693,28,Femenino,425000,5,3,0,PLAYA INTERVENIDA,4,Urbano,1,1,1,1,85000,Estética,Estética
C270991,NO MATERIAL- Exp. fís. y psic.,Independiente,FRAN,SECTOR 5,Reside en la costa,0.07692307692307693,28,Femenino,425000,5,3,0,PLAYA INTERVENIDA,6,PlayaNat,1,3,0.25,-1,85000,Estética,Familiaridad
C270991,NO MATERIAL- Exp. fís. y psic.,Independiente,FRAN,SECTOR 5,Reside en la costa,0.07692307692307693,28,Femenino,425000,5,3,0,PLAYA INTERVENIDA,6,PlayaInt,3,2,1,1,85000,Familiaridad,Comportamiento
C270991,NO MATERIAL- Exp. fís. y psic.,Independiente,FRAN,SECTOR 5,Reside en la costa,0.07692307692307693,28,Femenino,425000,5,3,0,PLAYA INTERVENIDA,6,RocaNat,3,2,0.25,1,85000,Familiaridad,Comportamiento
C270991,NO MATERIAL- Exp. fís. y psic.,Independiente,FRAN,SECTOR 5,Reside en la costa,0.07692307692307693,28,Femenino,425000,5,3,0,PLAYA INTERVENIDA,4,RocaInt,3,2,0.25,-1,85000,Familiaridad,Comportamiento
HG181050,NO MATERIAL- Exp. fís. y psic.,Independiente,FRAN,SECTOR 5,NA,0.007407407407407408,69,Masculino,1000000,4,2,0,PLAYA INTERVENIDA,7,Verde,2,2,0.04,-1,250000,Comportamiento,Comportamiento
HG181050,NO MATERIAL- Exp. fís. y psic.,Independiente,FRAN,SECTOR 5,NA,0.007407407407407408,69,Masculino,1000000,4,2,0,PLAYA INTERVENIDA,7,Urbano,2,2,1,-1,250000,Comportamiento,Comportamiento
HG181050,NO MATERIAL- Exp. fís. y psic.,Independiente,FRAN,SECTOR 5,NA,0.007407407407407408,69,Masculino,1000000,4,2,0,PLAYA INTERVENIDA,7,PlayaNat,2,2,1,1,250000,Comportamiento,Comportamiento
HG181050,NO MATERIAL- Exp. fís. y psic.,Independiente,FRAN,SECTOR 5,NA,0.007407407407407408,69,Masculino,1000000,4,2,0,PLAYA INTERVENIDA,7,PlayaInt,2,2,1,1,250000,Comportamiento,Comportamiento
HG181050,NO MATERIAL- Exp. fís. y psic.,Independiente,FRAN,SECTOR 5,NA,0.007407407407407408,69,Masculino,1000000,4,2,0,PLAYA INTERVENIDA,7,RocaNat,3,5,0.25,1,250000,Familiaridad,Nada le desagrada
HG181050,NO MATERIAL- Exp. fís. y psic.,Independiente,FRAN,SECTOR 5,NA,0.007407407407407408,69,Masculino,1000000,4,2,0,PLAYA INTERVENIDA,7,RocaInt,2,2,0.04,-1,250000,Comportamiento,Comportamiento
AT191262,MATERIAL- Materiales y asistencia,Independiente,FRAN,SECTOR 5,NA,0.2,57,Masculino,425000,4,4,0,PLAYA INTERVENIDA,7,Verde,2,5,0.25,-1,106250,Comportamiento,Nada le desagrada
AT191262,MATERIAL- Materiales y asistencia,Independiente,FRAN,SECTOR 5,NA,0.2,57,Masculino,425000,4,4,0,PLAYA INTERVENIDA,7,Urbano,1,2,1,-1,106250,Estética,Comportamiento
AT191262,MATERIAL- Materiales y asistencia,Independiente,FRAN,SECTOR 5,NA,0.2,57,Masculino,425000,4,4,0,PLAYA INTERVENIDA,7,PlayaNat,2,5,1,1,106250,Comportamiento,Nada le desagrada
AT191262,MATERIAL- Materiales y asistencia,Independiente,FRAN,SECTOR 5,NA,0.2,57,Masculino,425000,4,4,0,PLAYA INTERVENIDA,7,PlayaInt,2,5,1,1,106250,Comportamiento,Nada le desagrada
AT191262,MATERIAL- Materiales y asistencia,Independiente,FRAN,SECTOR 5,NA,0.2,57,Masculino,425000,4,4,0,PLAYA INTERVENIDA,7,RocaNat,2,5,1,1,106250,Comportamiento,Nada le desagrada
AT191262,MATERIAL- Materiales y asistencia,Independiente,FRAN,SECTOR 5,NA,0.2,57,Masculino,425000,4,4,0,PLAYA INTERVENIDA,7,RocaInt,2,2,1,1,106250,Comportamiento,Comportamiento
MM191158,NO MATERIAL- Exp. fís. y psic.,Inactivo,FRAN,SECTOR 5,NA,0.007462686567164179,60,Femenino,3400000,5,1,0,PLAYA INTERVENIDA,7,Verde,1,2,0.04,-1,680000,Estética,Comportamiento
MM191158,NO MATERIAL- Exp. fís. y psic.,Inactivo,FRAN,SECTOR 5,NA,0.007462686567164179,60,Femenino,3400000,5,1,0,PLAYA INTERVENIDA,7,Urbano,3,2,1,-1,680000,Familiaridad,Comportamiento
MM191158,NO MATERIAL- Exp. fís. y psic.,Inactivo,FRAN,SECTOR 5,NA,0.007462686567164179,60,Femenino,3400000,5,1,0,PLAYA INTERVENIDA,7,PlayaNat,2,2,0.04,1,680000,Comportamiento,Comportamiento
MM191158,NO MATERIAL- Exp. fís. y psic.,Inactivo,FRAN,SECTOR 5,NA,0.007462686567164179,60,Femenino,3400000,5,1,0,PLAYA INTERVENIDA,7,PlayaInt,3,2,0.04,1,680000,Familiaridad,Comportamiento
MM191158,NO MATERIAL- Exp. fís. y psic.,Inactivo,FRAN,SECTOR 5,NA,0.007462686567164179,60,Femenino,3400000,5,1,0,PLAYA INTERVENIDA,7,RocaNat,1,5,0.01,-1,680000,Estética,Nada le desagrada
MM191158,NO MATERIAL- Exp. fís. y psic.,Inactivo,FRAN,SECTOR 5,NA,0.007462686567164179,60,Femenino,3400000,5,1,0,PLAYA INTERVENIDA,5,RocaInt,2,2,0.04,1,680000,Comportamiento,Comportamiento
JD11041996,NO MATERIAL- Exp. fís. y psic.,Estudiante,FRAN,ROCA OCEANICA,Reside en la costa,0.0055248618784530384,23,Masculino,1000000,4,2,0,ROCA NATURAL,7,Verde,2,5,1,-1,250000,Comportamiento,Nada le desagrada
JD11041996,NO MATERIAL- Exp. fís. y psic.,Estudiante,FRAN,ROCA OCEANICA,Reside en la costa,0.0055248618784530384,23,Masculino,1000000,4,2,0,ROCA NATURAL,7,Urbano,3,5,1,1,250000,Familiaridad,Nada le desagrada
JD11041996,NO MATERIAL- Exp. fís. y psic.,Estudiante,FRAN,ROCA OCEANICA,Reside en la costa,0.0055248618784530384,23,Masculino,1000000,4,2,0,ROCA NATURAL,7,PlayaNat,2,5,0.25,-1,250000,Comportamiento,Nada le desagrada
JD11041996,NO MATERIAL- Exp. fís. y psic.,Estudiante,FRAN,ROCA OCEANICA,Reside en la costa,0.0055248618784530384,23,Masculino,1000000,4,2,0,ROCA NATURAL,6,PlayaInt,5,2,1,1,250000,Nada le agrada,Comportamiento
JD11041996,NO MATERIAL- Exp. fís. y psic.,Estudiante,FRAN,ROCA OCEANICA,Reside en la costa,0.0055248618784530384,23,Masculino,1000000,4,2,0,ROCA NATURAL,7,RocaNat,2,5,1,-1,250000,Comportamiento,Nada le desagrada
JD11041996,NO MATERIAL- Exp. fís. y psic.,Estudiante,FRAN,ROCA OCEANICA,Reside en la costa,0.0055248618784530384,23,Masculino,1000000,4,2,0,ROCA NATURAL,7,RocaInt,2,5,1,1,250000,Comportamiento,Nada le desagrada
SR19101993,NO MATERIAL- Sop. identidad,Estudiante,FRAN,ROCA OCEANICA,Reside en la costa,0.2,26,Femenino,425000,2,1,0,ROCA NATURAL,7,Verde,4,3,1,0,212500,Simbolismo,Familiaridad
SR19101993,NO MATERIAL- Sop. identidad,Estudiante,FRAN,ROCA OCEANICA,Reside en la costa,0.2,26,Femenino,425000,2,1,0,ROCA NATURAL,7,Urbano,1,2,1,0,212500,Estética,Comportamiento
SR19101993,NO MATERIAL- Sop. identidad,Estudiante,FRAN,ROCA OCEANICA,Reside en la costa,0.2,26,Femenino,425000,2,1,0,ROCA NATURAL,6,PlayaNat,2,2,1,1,212500,Comportamiento,Comportamiento
SR19101993,NO MATERIAL- Sop. identidad,Estudiante,FRAN,ROCA OCEANICA,Reside en la costa,0.2,26,Femenino,425000,2,1,0,ROCA NATURAL,7,PlayaInt,1,1,1,1,212500,Estética,Estética
SR19101993,NO MATERIAL- Sop. identidad,Estudiante,FRAN,ROCA OCEANICA,Reside en la costa,0.2,26,Femenino,425000,2,1,0,ROCA NATURAL,7,RocaNat,2,5,1,1,212500,Comportamiento,Nada le desagrada
SR19101993,NO MATERIAL- Sop. identidad,Estudiante,FRAN,ROCA OCEANICA,Reside en la costa,0.2,26,Femenino,425000,2,1,0,ROCA NATURAL,7,RocaInt,1,2,1,1,212500,Estética,Comportamiento
EV19071964,NO MATERIAL- Exp. fís. y psic.,Independiente,FRAN,ROCA OCEANICA,Reside en la costa,0.6666666666666666,57,Masculino,425000,3,4,0,ROCA NATURAL,7,Verde,3,5,0.25,1,141666.66666666666,Familiaridad,Nada le desagrada
EV19071964,NO MATERIAL- Exp. fís. y psic.,Independiente,FRAN,ROCA OCEANICA,Reside en la costa,0.6666666666666666,57,Masculino,425000,3,4,0,ROCA NATURAL,6,Urbano,2,3,0.25,1,141666.66666666666,Comportamiento,Familiaridad
EV19071964,NO MATERIAL- Exp. fís. y psic.,Independiente,FRAN,ROCA OCEANICA,Reside en la costa,0.6666666666666666,57,Masculino,425000,3,4,0,ROCA NATURAL,7,PlayaNat,2,5,0.04,-1,141666.66666666666,Comportamiento,Nada le desagrada
EV19071964,NO MATERIAL- Exp. fís. y psic.,Independiente,FRAN,ROCA OCEANICA,Reside en la costa,0.6666666666666666,57,Masculino,425000,3,4,0,ROCA NATURAL,7,PlayaInt,3,5,1,0,141666.66666666666,Familiaridad,Nada le desagrada
EV19071964,NO MATERIAL- Exp. fís. y psic.,Independiente,FRAN,ROCA OCEANICA,Reside en la costa,0.6666666666666666,57,Masculino,425000,3,4,0,ROCA NATURAL,7,RocaNat,2,5,1,1,141666.66666666666,Comportamiento,Nada le desagrada
EV19071964,NO MATERIAL- Exp. fís. y psic.,Independiente,FRAN,ROCA OCEANICA,Reside en la costa,0.6666666666666666,57,Masculino,425000,3,4,0,ROCA NATURAL,7,RocaInt,2,5,1,1,141666.66666666666,Comportamiento,Nada le desagrada
HP11061992,NO MATERIAL- Exp. fís. y psic.,Profesional,FRAN,HUMEDAL RENACA,Reside en la costa,0.2,27,Masculino,3400000,2,1,0,PLAYA NATURAL,7,Verde,3,5,0.25,-1,1700000,Familiaridad,Nada le desagrada
HP11061992,NO MATERIAL- Exp. fís. y psic.,Profesional,FRAN,HUMEDAL RENACA,Reside en la costa,0.2,27,Masculino,3400000,2,1,0,PLAYA NATURAL,7,Urbano,4,4,1,-1,1700000,Simbolismo,Simbolismo
HP11061992,NO MATERIAL- Exp. fís. y psic.,Profesional,FRAN,HUMEDAL RENACA,Reside en la costa,0.2,27,Masculino,3400000,2,1,0,PLAYA NATURAL,7,PlayaNat,2,3,1,1,1700000,Comportamiento,Familiaridad
HP11061992,NO MATERIAL- Exp. fís. y psic.,Profesional,FRAN,HUMEDAL RENACA,Reside en la costa,0.2,27,Masculino,3400000,2,1,0,PLAYA NATURAL,7,PlayaInt,4,5,1,1,1700000,Simbolismo,Nada le desagrada
HP11061992,NO MATERIAL- Exp. fís. y psic.,Profesional,FRAN,HUMEDAL RENACA,Reside en la costa,0.2,27,Masculino,3400000,2,1,0,PLAYA NATURAL,7,RocaNat,3,2,1,1,1700000,Familiaridad,Comportamiento
HP11061992,NO MATERIAL- Exp. fís. y psic.,Profesional,FRAN,HUMEDAL RENACA,Reside en la costa,0.2,27,Masculino,3400000,2,1,0,PLAYA NATURAL,5,RocaInt,1,2,0.01,1,1700000,Estética,Comportamiento
AP16061991,NO MATERIAL- Exp. fís. y psic.,Estudiante,FRAN,ROCA OCEANICA,NA,0.007407407407407408,28,Femenino,1925000,4,2,0,ROCA NATURAL,7,Verde,1,5,1,0,481250,Estética,Nada le desagrada
AP16061991,NO MATERIAL- Exp. fís. y psic.,Estudiante,FRAN,ROCA OCEANICA,NA,0.007407407407407408,28,Femenino,1925000,4,2,0,ROCA NATURAL,6,Urbano,3,2,1,1,481250,Familiaridad,Comportamiento
AP16061991,NO MATERIAL- Exp. fís. y psic.,Estudiante,FRAN,ROCA OCEANICA,NA,0.007407407407407408,28,Femenino,1925000,4,2,0,ROCA NATURAL,7,PlayaNat,4,5,0.04,0,481250,Simbolismo,Nada le desagrada
AP16061991,NO MATERIAL- Exp. fís. y psic.,Estudiante,FRAN,ROCA OCEANICA,NA,0.007407407407407408,28,Femenino,1925000,4,2,0,ROCA NATURAL,6,PlayaInt,1,2,0.04,0,481250,Estética,Comportamiento
AP16061991,NO MATERIAL- Exp. fís. y psic.,Estudiante,FRAN,ROCA OCEANICA,NA,0.007407407407407408,28,Femenino,1925000,4,2,0,ROCA NATURAL,7,RocaNat,2,5,0.04,0,481250,Comportamiento,Nada le desagrada
AP16061991,NO MATERIAL- Exp. fís. y psic.,Estudiante,FRAN,ROCA OCEANICA,NA,0.007407407407407408,28,Femenino,1925000,4,2,0,ROCA NATURAL,6,RocaInt,3,2,0.04,0,481250,Familiaridad,Comportamiento
MB01042000,NO MATERIAL- Exp. fís. y psic.,Estudiante,FRAN,LOS LILENES,NA,0.0055248618784530384,19,Femenino,3400000,5,1,0,PLAYA INTERVENIDA,7,Verde,2,2,0.25,-1,680000,Comportamiento,Comportamiento
MB01042000,NO MATERIAL- Exp. fís. y psic.,Estudiante,FRAN,LOS LILENES,NA,0.0055248618784530384,19,Femenino,3400000,5,1,0,PLAYA INTERVENIDA,7,Urbano,2,2,1,1,680000,Comportamiento,Comportamiento
MB01042000,NO MATERIAL- Exp. fís. y psic.,Estudiante,FRAN,LOS LILENES,NA,0.0055248618784530384,19,Femenino,3400000,5,1,0,PLAYA INTERVENIDA,6,PlayaNat,3,5,0.04,0,680000,Familiaridad,Nada le desagrada
MB01042000,NO MATERIAL- Exp. fís. y psic.,Estudiante,FRAN,LOS LILENES,NA,0.0055248618784530384,19,Femenino,3400000,5,1,0,PLAYA INTERVENIDA,7,PlayaInt,3,5,0.04,0,680000,Familiaridad,Nada le desagrada
MB01042000,NO MATERIAL- Exp. fís. y psic.,Estudiante,FRAN,LOS LILENES,NA,0.0055248618784530384,19,Femenino,3400000,5,1,0,PLAYA INTERVENIDA,7,RocaNat,2,5,0.04,-1,680000,Comportamiento,Nada le desagrada
MB01042000,NO MATERIAL- Exp. fís. y psic.,Estudiante,FRAN,LOS LILENES,NA,0.0055248618784530384,19,Femenino,3400000,5,1,0,PLAYA INTERVENIDA,7,RocaInt,2,5,0.04,0,680000,Comportamiento,Nada le desagrada
DC13091994,NO MATERIAL- Exp. fís. y psic.,Profesional,FRAN,HUMEDAL RENACA,Reside en la costa,0.3333333333333333,25,Masculino,1925000,2,2,0,PLAYA NATURAL,6,Verde,3,2,1,-1,962500,Familiaridad,Comportamiento
DC13091994,NO MATERIAL- Exp. fís. y psic.,Profesional,FRAN,HUMEDAL RENACA,Reside en la costa,0.3333333333333333,25,Masculino,1925000,2,2,0,PLAYA NATURAL,4,Urbano,3,5,1,-1,962500,Familiaridad,Nada le desagrada
DC13091994,NO MATERIAL- Exp. fís. y psic.,Profesional,FRAN,HUMEDAL RENACA,Reside en la costa,0.3333333333333333,25,Masculino,1925000,2,2,0,PLAYA NATURAL,7,PlayaNat,4,3,1,1,962500,Simbolismo,Familiaridad
DC13091994,NO MATERIAL- Exp. fís. y psic.,Profesional,FRAN,HUMEDAL RENACA,Reside en la costa,0.3333333333333333,25,Masculino,1925000,2,2,0,PLAYA NATURAL,6,PlayaInt,3,3,1,1,962500,Familiaridad,Familiaridad
DC13091994,NO MATERIAL- Exp. fís. y psic.,Profesional,FRAN,HUMEDAL RENACA,Reside en la costa,0.3333333333333333,25,Masculino,1925000,2,2,0,PLAYA NATURAL,7,RocaNat,4,2,0.25,1,962500,Simbolismo,Comportamiento
DC13091994,NO MATERIAL- Exp. fís. y psic.,Profesional,FRAN,HUMEDAL RENACA,Reside en la costa,0.3333333333333333,25,Masculino,1925000,2,2,0,PLAYA NATURAL,6,RocaInt,3,2,0.25,1,962500,Familiaridad,Comportamiento
NA06021967,NO MATERIAL- Exp. fís. y psic.,Técnico/ operacional,FRAN,MUELLE BARON,Reside en la costa,0.04,53,Femenino,425000,9,1,0,ROCA INTERVENIDA,7,Verde,4,5,1,-1,47222.22222222222,Simbolismo,Nada le desagrada
NA06021967,NO MATERIAL- Exp. fís. y psic.,Técnico/ operacional,FRAN,MUELLE BARON,Reside en la costa,0.04,53,Femenino,425000,9,1,0,ROCA INTERVENIDA,7,Urbano,1,5,1,0,47222.22222222222,Estética,Nada le desagrada
NA06021967,NO MATERIAL- Exp. fís. y psic.,Técnico/ operacional,FRAN,MUELLE BARON,Reside en la costa,0.04,53,Femenino,425000,9,1,0,ROCA INTERVENIDA,7,PlayaNat,3,2,0.25,0,47222.22222222222,Familiaridad,Comportamiento
NA06021967,NO MATERIAL- Exp. fís. y psic.,Técnico/ operacional,FRAN,MUELLE BARON,Reside en la costa,0.04,53,Femenino,425000,9,1,0,ROCA INTERVENIDA,7,PlayaInt,2,2,0.25,1,47222.22222222222,Comportamiento,Comportamiento
NA06021967,NO MATERIAL- Exp. fís. y psic.,Técnico/ operacional,FRAN,MUELLE BARON,Reside en la costa,0.04,53,Femenino,425000,9,1,0,ROCA INTERVENIDA,7,RocaNat,2,5,0.25,1,47222.22222222222,Comportamiento,Nada le desagrada
NA06021967,NO MATERIAL- Exp. fís. y psic.,Técnico/ operacional,FRAN,MUELLE BARON,Reside en la costa,0.04,53,Femenino,425000,9,1,0,ROCA INTERVENIDA,7,RocaInt,2,5,1,-1,47222.22222222222,Comportamiento,Nada le desagrada
AA12121991,NO MATERIAL- Exp. fís. y psic.,Profesional,FRAN,MUELLE BARON,Reside en la costa,0.3333333333333333,28,Masculino,1000000,4,4,0.25,ROCA INTERVENIDA,7,Verde,3,5,0.25,0,250000,Familiaridad,Nada le desagrada
AA12121991,NO MATERIAL- Exp. fís. y psic.,Profesional,FRAN,MUELLE BARON,Reside en la costa,0.3333333333333333,28,Masculino,1000000,4,4,0.25,ROCA INTERVENIDA,6,Urbano,4,5,1,-1,250000,Simbolismo,Nada le desagrada
AA12121991,NO MATERIAL- Exp. fís. y psic.,Profesional,FRAN,MUELLE BARON,Reside en la costa,0.3333333333333333,28,Masculino,1000000,4,4,0.25,ROCA INTERVENIDA,7,PlayaNat,2,5,1,1,250000,Comportamiento,Nada le desagrada
AA12121991,NO MATERIAL- Exp. fís. y psic.,Profesional,FRAN,MUELLE BARON,Reside en la costa,0.3333333333333333,28,Masculino,1000000,4,4,0.25,ROCA INTERVENIDA,6,PlayaInt,2,2,1,0,250000,Comportamiento,Comportamiento
AA12121991,NO MATERIAL- Exp. fís. y psic.,Profesional,FRAN,MUELLE BARON,Reside en la costa,0.3333333333333333,28,Masculino,1000000,4,4,0.25,ROCA INTERVENIDA,7,RocaNat,2,5,0.25,1,250000,Comportamiento,Nada le desagrada
AA12121991,NO MATERIAL- Exp. fís. y psic.,Profesional,FRAN,MUELLE BARON,Reside en la costa,0.3333333333333333,28,Masculino,1000000,4,4,0.25,ROCA INTERVENIDA,7,RocaInt,3,2,1,1,250000,Familiaridad,Comportamiento
JT31071988,MATERIAL- Alimentación,Profesional,FRAN,MUELLE BARON,NA,0.02564102564102564,31,Masculino,1000000,3,5.5,0,ROCA INTERVENIDA,7,Verde,2,5,0.04,1,333333.3333333333,Comportamiento,Nada le desagrada
JT31071988,MATERIAL- Alimentación,Profesional,FRAN,MUELLE BARON,NA,0.02564102564102564,31,Masculino,1000000,3,5.5,0,ROCA INTERVENIDA,7,Urbano,1,3,1,1,333333.3333333333,Estética,Familiaridad
JT31071988,MATERIAL- Alimentación,Profesional,FRAN,MUELLE BARON,NA,0.02564102564102564,31,Masculino,1000000,3,5.5,0,ROCA INTERVENIDA,7,PlayaNat,2,5,1,1,333333.3333333333,Comportamiento,Nada le desagrada
JT31071988,MATERIAL- Alimentación,Profesional,FRAN,MUELLE BARON,NA,0.02564102564102564,31,Masculino,1000000,3,5.5,0,ROCA INTERVENIDA,7,PlayaInt,1,2,1,1,333333.3333333333,Estética,Comportamiento
JT31071988,MATERIAL- Alimentación,Profesional,FRAN,MUELLE BARON,NA,0.02564102564102564,31,Masculino,1000000,3,5.5,0,ROCA INTERVENIDA,7,RocaNat,2,5,0.01,1,333333.3333333333,Comportamiento,Nada le desagrada
JT31071988,MATERIAL- Alimentación,Profesional,FRAN,MUELLE BARON,NA,0.02564102564102564,31,Masculino,1000000,3,5.5,0,ROCA INTERVENIDA,5,RocaInt,2,3,1,1,333333.3333333333,Comportamiento,Familiaridad
LS12061959,NO MATERIAL- Exp. fís. y psic.,Técnico/ operacional,FRAN,PARQUE EL LITRE,Reside en la costa,0.07692307692307693,60,Masculino,1000000,1,4,0,VERDE,7,Verde,4,5,1,1,1000000,Simbolismo,Nada le desagrada
LS12061959,NO MATERIAL- Exp. fís. y psic.,Técnico/ operacional,FRAN,PARQUE EL LITRE,Reside en la costa,0.07692307692307693,60,Masculino,1000000,1,4,0,VERDE,7,Urbano,2,5,1,0,1000000,Comportamiento,Nada le desagrada
LS12061959,NO MATERIAL- Exp. fís. y psic.,Técnico/ operacional,FRAN,PARQUE EL LITRE,Reside en la costa,0.07692307692307693,60,Masculino,1000000,1,4,0,VERDE,6,PlayaNat,3,5,0.04,-1,1000000,Familiaridad,Nada le desagrada
LS12061959,NO MATERIAL- Exp. fís. y psic.,Técnico/ operacional,FRAN,PARQUE EL LITRE,Reside en la costa,0.07692307692307693,60,Masculino,1000000,1,4,0,VERDE,5,PlayaInt,3,5,0.25,-1,1000000,Familiaridad,Nada le desagrada
LS12061959,NO MATERIAL- Exp. fís. y psic.,Técnico/ operacional,FRAN,PARQUE EL LITRE,Reside en la costa,0.07692307692307693,60,Masculino,1000000,1,4,0,VERDE,7,RocaNat,3,5,0.04,-1,1000000,Familiaridad,Nada le desagrada
LS12061959,NO MATERIAL- Exp. fís. y psic.,Técnico/ operacional,FRAN,PARQUE EL LITRE,Reside en la costa,0.07692307692307693,60,Masculino,1000000,1,4,0,VERDE,7,RocaInt,3,5,0.25,-1,1000000,Familiaridad,Nada le desagrada
MM31011970,NO MATERIAL- Exp. fís. y psic.,Profesional,FRAN,PARQUE EL LITRE,NA,0.007407407407407408,49,Femenino,1925000,4,2,0,VERDE,7,Verde,2,5,1,0,481250,Comportamiento,Nada le desagrada
MM31011970,NO MATERIAL- Exp. fís. y psic.,Profesional,FRAN,PARQUE EL LITRE,NA,0.007407407407407408,49,Femenino,1925000,4,2,0,VERDE,7,Urbano,4,5,1,0,481250,Simbolismo,Nada le desagrada
MM31011970,NO MATERIAL- Exp. fís. y psic.,Profesional,FRAN,PARQUE EL LITRE,NA,0.007407407407407408,49,Femenino,1925000,4,2,0,VERDE,7,PlayaNat,2,5,0.25,1,481250,Comportamiento,Nada le desagrada
MM31011970,NO MATERIAL- Exp. fís. y psic.,Profesional,FRAN,PARQUE EL LITRE,NA,0.007407407407407408,49,Femenino,1925000,4,2,0,VERDE,6,PlayaInt,3,2,0.25,1,481250,Familiaridad,Comportamiento
MM31011970,NO MATERIAL- Exp. fís. y psic.,Profesional,FRAN,PARQUE EL LITRE,NA,0.007407407407407408,49,Femenino,1925000,4,2,0,VERDE,7,RocaNat,2,5,0.04,0,481250,Comportamiento,Nada le desagrada
MM31011970,NO MATERIAL- Exp. fís. y psic.,Profesional,FRAN,PARQUE EL LITRE,NA,0.007407407407407408,49,Femenino,1925000,4,2,0,VERDE,7,RocaInt,3,2,0.04,0,481250,Familiaridad,Comportamiento
AT2881960,NO MATERIAL- Sop. identidad,NA,GIORGIA,RENACA CENTRO,NA,0.2,59,Masculino,425000,7,5,0,URBANO,7,Verde,2,5,1,-1,60714.28571428572,Comportamiento,Nada le desagrada
AT2881960,NO MATERIAL- Sop. identidad,NA,GIORGIA,RENACA CENTRO,NA,0.2,59,Masculino,425000,7,5,0,URBANO,7,Urbano,2,2,1,1,60714.28571428572,Comportamiento,Comportamiento
AT2881960,NO MATERIAL- Sop. identidad,NA,GIORGIA,RENACA CENTRO,NA,0.2,59,Masculino,425000,7,5,0,URBANO,7,PlayaNat,2,5,0.04,-1,60714.28571428572,Comportamiento,Nada le desagrada
AT2881960,NO MATERIAL- Sop. identidad,NA,GIORGIA,RENACA CENTRO,NA,0.2,59,Masculino,425000,7,5,0,URBANO,7,PlayaInt,1,5,1,-1,60714.28571428572,Estética,Nada le desagrada
AT2881960,NO MATERIAL- Sop. identidad,NA,GIORGIA,RENACA CENTRO,NA,0.2,59,Masculino,425000,7,5,0,URBANO,7,RocaNat,4,5,0.25,-1,60714.28571428572,Simbolismo,Nada le desagrada
AT2881960,NO MATERIAL- Sop. identidad,NA,GIORGIA,RENACA CENTRO,NA,0.2,59,Masculino,425000,7,5,0,URBANO,7,RocaInt,2,5,0.01,-1,60714.28571428572,Comportamiento,Nada le desagrada
GC2978,NO MATERIAL- Sop. identidad,Técnico/ operacional,GIORGIA,RENACA CENTRO,Reside en la costa,0.5,30,Masculino,1000000,4,3,0,URBANO,7,Verde,4,5,1,0,250000,Simbolismo,Nada le desagrada
GC2978,NO MATERIAL- Sop. identidad,Técnico/ operacional,GIORGIA,RENACA CENTRO,Reside en la costa,0.5,30,Masculino,1000000,4,3,0,URBANO,7,Urbano,3,2,1,1,250000,Familiaridad,Comportamiento
GC2978,NO MATERIAL- Sop. identidad,Técnico/ operacional,GIORGIA,RENACA CENTRO,Reside en la costa,0.5,30,Masculino,1000000,4,3,0,URBANO,7,PlayaNat,4,5,1,1,250000,Simbolismo,Nada le desagrada
GC2978,NO MATERIAL- Sop. identidad,Técnico/ operacional,GIORGIA,RENACA CENTRO,Reside en la costa,0.5,30,Masculino,1000000,4,3,0,URBANO,7,PlayaInt,4,5,1,1,250000,Simbolismo,Nada le desagrada
GC2978,NO MATERIAL- Sop. identidad,Técnico/ operacional,GIORGIA,RENACA CENTRO,Reside en la costa,0.5,30,Masculino,1000000,4,3,0,URBANO,7,RocaNat,2,5,1,1,250000,Comportamiento,Nada le desagrada
GC2978,NO MATERIAL- Sop. identidad,Técnico/ operacional,GIORGIA,RENACA CENTRO,Reside en la costa,0.5,30,Masculino,1000000,4,3,0,URBANO,7,RocaInt,3,5,0.01,0,250000,Familiaridad,Nada le desagrada
HM28111993,NO MATERIAL- Exp. fís. y psic.,Técnico/ operacional,GIORGIA,CASA,Reside en la costa,0.5,26,Masculino,425000,2,3,0,VERDE,5,Verde,3,5,0.25,-1,212500,Familiaridad,Nada le desagrada
HM28111993,NO MATERIAL- Exp. fís. y psic.,Técnico/ operacional,GIORGIA,CASA,Reside en la costa,0.5,26,Masculino,425000,2,3,0,VERDE,1,Urbano,5,1,1,1,212500,Nada le agrada,Estética
HM28111993,NO MATERIAL- Exp. fís. y psic.,Técnico/ operacional,GIORGIA,CASA,Reside en la costa,0.5,26,Masculino,425000,2,3,0,VERDE,5,PlayaNat,3,5,1,0,212500,Familiaridad,Nada le desagrada
HM28111993,NO MATERIAL- Exp. fís. y psic.,Técnico/ operacional,GIORGIA,CASA,Reside en la costa,0.5,26,Masculino,425000,2,3,0,VERDE,3,PlayaInt,1,3,1,1,212500,Estética,Familiaridad
HM28111993,NO MATERIAL- Exp. fís. y psic.,Técnico/ operacional,GIORGIA,CASA,Reside en la costa,0.5,26,Masculino,425000,2,3,0,VERDE,7,RocaNat,3,5,1,1,212500,Familiaridad,Nada le desagrada
HM28111993,NO MATERIAL- Exp. fís. y psic.,Técnico/ operacional,GIORGIA,CASA,Reside en la costa,0.5,26,Masculino,425000,2,3,0,VERDE,5,RocaInt,3,5,0.04,-1,212500,Familiaridad,Nada le desagrada
TEC301172,NO MATERIAL- Aprendizaje e insp.,Supervisor/gerente,GIORGIA,MUELLE BARON,Reside en la costa,0.6666666666666666,47,Masculino,1925000,1,5,0.5,ROCA INTERVENIDA,7,Verde,3,5,1,1,1925000,Familiaridad,Nada le desagrada
TEC301172,NO MATERIAL- Aprendizaje e insp.,Supervisor/gerente,GIORGIA,MUELLE BARON,Reside en la costa,0.6666666666666666,47,Masculino,1925000,1,5,0.5,ROCA INTERVENIDA,6,Urbano,2,5,1,0,1925000,Comportamiento,Nada le desagrada
TEC301172,NO MATERIAL- Aprendizaje e insp.,Supervisor/gerente,GIORGIA,MUELLE BARON,Reside en la costa,0.6666666666666666,47,Masculino,1925000,1,5,0.5,ROCA INTERVENIDA,7,PlayaNat,3,5,1,0,1925000,Familiaridad,Nada le desagrada
TEC301172,NO MATERIAL- Aprendizaje e insp.,Supervisor/gerente,GIORGIA,MUELLE BARON,Reside en la costa,0.6666666666666666,47,Masculino,1925000,1,5,0.5,ROCA INTERVENIDA,6,PlayaInt,2,3,1,0,1925000,Comportamiento,Familiaridad
TEC301172,NO MATERIAL- Aprendizaje e insp.,Supervisor/gerente,GIORGIA,MUELLE BARON,Reside en la costa,0.6666666666666666,47,Masculino,1925000,1,5,0.5,ROCA INTERVENIDA,7,RocaNat,3,5,1,1,1925000,Familiaridad,Nada le desagrada
TEC301172,NO MATERIAL- Aprendizaje e insp.,Supervisor/gerente,GIORGIA,MUELLE BARON,Reside en la costa,0.6666666666666666,47,Masculino,1925000,1,5,0.5,ROCA INTERVENIDA,7,RocaInt,3,2,1,1,1925000,Familiaridad,Comportamiento
KS03061991,NO MATERIAL- Aprendizaje e insp.,Técnico/ operacional,GIORGIA,MUELLE BARON,Reside en la costa,0.07142857142857142,28,Femenino,425000,2,3,0.25,ROCA INTERVENIDA,5,Verde,2,2,1,1,212500,Comportamiento,Comportamiento
KS03061991,NO MATERIAL- Aprendizaje e insp.,Técnico/ operacional,GIORGIA,MUELLE BARON,Reside en la costa,0.07142857142857142,28,Femenino,425000,2,3,0.25,ROCA INTERVENIDA,7,Urbano,3,5,1,0,212500,Familiaridad,Nada le desagrada
KS03061991,NO MATERIAL- Aprendizaje e insp.,Técnico/ operacional,GIORGIA,MUELLE BARON,Reside en la costa,0.07142857142857142,28,Femenino,425000,2,3,0.25,ROCA INTERVENIDA,7,PlayaNat,3,5,1,1,212500,Familiaridad,Nada le desagrada
KS03061991,NO MATERIAL- Aprendizaje e insp.,Técnico/ operacional,GIORGIA,MUELLE BARON,Reside en la costa,0.07142857142857142,28,Femenino,425000,2,3,0.25,ROCA INTERVENIDA,7,PlayaInt,3,5,1,-1,212500,Familiaridad,Nada le desagrada
KS03061991,NO MATERIAL- Aprendizaje e insp.,Técnico/ operacional,GIORGIA,MUELLE BARON,Reside en la costa,0.07142857142857142,28,Femenino,425000,2,3,0.25,ROCA INTERVENIDA,7,RocaNat,4,5,1,1,212500,Simbolismo,Nada le desagrada
KS03061991,NO MATERIAL- Aprendizaje e insp.,Técnico/ operacional,GIORGIA,MUELLE BARON,Reside en la costa,0.07142857142857142,28,Femenino,425000,2,3,0.25,ROCA INTERVENIDA,6,RocaInt,2,5,1,1,212500,Comportamiento,Nada le desagrada
GM1234,MATERIAL- Materiales y asistencia,Independiente,GIORGIA,MUELLE BARON,Reside en la costa,0.14285714285714285,80,Masculino,425000,4,1,0,ROCA INTERVENIDA,5,Verde,1,5,0.04,-1,106250,Estética,Nada le desagrada
GM1234,MATERIAL- Materiales y asistencia,Independiente,GIORGIA,MUELLE BARON,Reside en la costa,0.14285714285714285,80,Masculino,425000,4,1,0,ROCA INTERVENIDA,6,Urbano,2,5,1,0,106250,Comportamiento,Nada le desagrada
GM1234,MATERIAL- Materiales y asistencia,Independiente,GIORGIA,MUELLE BARON,Reside en la costa,0.14285714285714285,80,Masculino,425000,4,1,0,ROCA INTERVENIDA,7,PlayaNat,2,5,0.04,0,106250,Comportamiento,Nada le desagrada
GM1234,MATERIAL- Materiales y asistencia,Independiente,GIORGIA,MUELLE BARON,Reside en la costa,0.14285714285714285,80,Masculino,425000,4,1,0,ROCA INTERVENIDA,4,PlayaInt,2,5,0.01,0,106250,Comportamiento,Nada le desagrada
GM1234,MATERIAL- Materiales y asistencia,Independiente,GIORGIA,MUELLE BARON,Reside en la costa,0.14285714285714285,80,Masculino,425000,4,1,0,ROCA INTERVENIDA,7,RocaNat,2,5,0.01,-1,106250,Comportamiento,Nada le desagrada
GM1234,MATERIAL- Materiales y asistencia,Independiente,GIORGIA,MUELLE BARON,Reside en la costa,0.14285714285714285,80,Masculino,425000,4,1,0,ROCA INTERVENIDA,7,RocaInt,2,5,0.25,0,106250,Comportamiento,Nada le desagrada
GUS2082,NO MATERIAL- Aprendizaje e insp.,Técnico/ operacional,GIORGIA,MUELLE BARON,Reside en la costa,0.7142857142857143,35,Masculino,1925000,2,4,0.5,ROCA INTERVENIDA,7,Verde,3,5,1,-1,962500,Familiaridad,Nada le desagrada
GUS2082,NO MATERIAL- Aprendizaje e insp.,Técnico/ operacional,GIORGIA,MUELLE BARON,Reside en la costa,0.7142857142857143,35,Masculino,1925000,2,4,0.5,ROCA INTERVENIDA,7,Urbano,3,5,1,1,962500,Familiaridad,Nada le desagrada
GUS2082,NO MATERIAL- Aprendizaje e insp.,Técnico/ operacional,GIORGIA,MUELLE BARON,Reside en la costa,0.7142857142857143,35,Masculino,1925000,2,4,0.5,ROCA INTERVENIDA,7,PlayaNat,3,5,1,-1,962500,Familiaridad,Nada le desagrada
GUS2082,NO MATERIAL- Aprendizaje e insp.,Técnico/ operacional,GIORGIA,MUELLE BARON,Reside en la costa,0.7142857142857143,35,Masculino,1925000,2,4,0.5,ROCA INTERVENIDA,7,PlayaInt,3,5,1,-1,962500,Familiaridad,Nada le desagrada
GUS2082,NO MATERIAL- Aprendizaje e insp.,Técnico/ operacional,GIORGIA,MUELLE BARON,Reside en la costa,0.7142857142857143,35,Masculino,1925000,2,4,0.5,ROCA INTERVENIDA,7,RocaNat,3,5,1,1,962500,Familiaridad,Nada le desagrada
GUS2082,NO MATERIAL- Aprendizaje e insp.,Técnico/ operacional,GIORGIA,MUELLE BARON,Reside en la costa,0.7142857142857143,35,Masculino,1925000,2,4,0.5,ROCA INTERVENIDA,7,RocaInt,3,5,1,1,962500,Familiaridad,Nada le desagrada
GC14051998,NO MATERIAL- Aprendizaje e insp.,Técnico/ operacional,GIORGIA,MUELLE BARON,Reside en la costa,0.2,21,Masculino,1000000,4,1,0.25,ROCA INTERVENIDA,6,Verde,3,2,1,-1,250000,Familiaridad,Comportamiento
GC14051998,NO MATERIAL- Aprendizaje e insp.,Técnico/ operacional,GIORGIA,MUELLE BARON,Reside en la costa,0.2,21,Masculino,1000000,4,1,0.25,ROCA INTERVENIDA,4,Urbano,3,2,1,0,250000,Familiaridad,Comportamiento
GC14051998,NO MATERIAL- Aprendizaje e insp.,Técnico/ operacional,GIORGIA,MUELLE BARON,Reside en la costa,0.2,21,Masculino,1000000,4,1,0.25,ROCA INTERVENIDA,7,PlayaNat,3,2,1,1,250000,Familiaridad,Comportamiento
GC14051998,NO MATERIAL- Aprendizaje e insp.,Técnico/ operacional,GIORGIA,MUELLE BARON,Reside en la costa,0.2,21,Masculino,1000000,4,1,0.25,ROCA INTERVENIDA,4,PlayaInt,3,2,1,1,250000,Familiaridad,Comportamiento
GC14051998,NO MATERIAL- Aprendizaje e insp.,Técnico/ operacional,GIORGIA,MUELLE BARON,Reside en la costa,0.2,21,Masculino,1000000,4,1,0.25,ROCA INTERVENIDA,6,RocaNat,3,5,1,1,250000,Familiaridad,Nada le desagrada
GC14051998,NO MATERIAL- Aprendizaje e insp.,Técnico/ operacional,GIORGIA,MUELLE BARON,Reside en la costa,0.2,21,Masculino,1000000,4,1,0.25,ROCA INTERVENIDA,4,RocaInt,5,2,0.01,-1,250000,Nada le agrada,Comportamiento
WL29081999,NO MATERIAL- Exp. fís. y psic.,Técnico/ operacional,GIORGIA,MUELLE BARON,Reside en la costa,0.14285714285714285,20,Masculino,1000000,4,2,0,ROCA INTERVENIDA,7,Verde,2,2,1,1,250000,Comportamiento,Comportamiento
WL29081999,NO MATERIAL- Exp. fís. y psic.,Técnico/ operacional,GIORGIA,MUELLE BARON,Reside en la costa,0.14285714285714285,20,Masculino,1000000,4,2,0,ROCA INTERVENIDA,7,Urbano,2,2,1,0,250000,Comportamiento,Comportamiento
WL29081999,NO MATERIAL- Exp. fís. y psic.,Técnico/ operacional,GIORGIA,MUELLE BARON,Reside en la costa,0.14285714285714285,20,Masculino,1000000,4,2,0,ROCA INTERVENIDA,7,PlayaNat,2,2,1,-1,250000,Comportamiento,Comportamiento
WL29081999,NO MATERIAL- Exp. fís. y psic.,Técnico/ operacional,GIORGIA,MUELLE BARON,Reside en la costa,0.14285714285714285,20,Masculino,1000000,4,2,0,ROCA INTERVENIDA,5,PlayaInt,3,2,0.25,0,250000,Familiaridad,Comportamiento
WL29081999,NO MATERIAL- Exp. fís. y psic.,Técnico/ operacional,GIORGIA,MUELLE BARON,Reside en la costa,0.14285714285714285,20,Masculino,1000000,4,2,0,ROCA INTERVENIDA,6,RocaNat,2,2,1,0,250000,Comportamiento,Comportamiento
WL29081999,NO MATERIAL- Exp. fís. y psic.,Técnico/ operacional,GIORGIA,MUELLE BARON,Reside en la costa,0.14285714285714285,20,Masculino,1000000,4,2,0,ROCA INTERVENIDA,7,RocaInt,2,2,1,1,250000,Comportamiento,Comportamiento
CA1661950,NO MATERIAL- Exp. fís. y psic.,Inactivo,GIORGIA,MUELLE BARON,Reside en la costa,1,69,Masculino,150000,1,4,0,ROCA INTERVENIDA,7,Verde,4,2,1,0,150000,Simbolismo,Comportamiento
CA1661950,NO MATERIAL- Exp. fís. y psic.,Inactivo,GIORGIA,MUELLE BARON,Reside en la costa,1,69,Masculino,150000,1,4,0,ROCA INTERVENIDA,7,Urbano,2,2,0.25,-1,150000,Comportamiento,Comportamiento
CA1661950,NO MATERIAL- Exp. fís. y psic.,Inactivo,GIORGIA,MUELLE BARON,Reside en la costa,1,69,Masculino,150000,1,4,0,ROCA INTERVENIDA,7,PlayaNat,3,5,1,1,150000,Familiaridad,Nada le desagrada
CA1661950,NO MATERIAL- Exp. fís. y psic.,Inactivo,GIORGIA,MUELLE BARON,Reside en la costa,1,69,Masculino,150000,1,4,0,ROCA INTERVENIDA,7,PlayaInt,2,5,1,1,150000,Comportamiento,Nada le desagrada
CA1661950,NO MATERIAL- Exp. fís. y psic.,Inactivo,GIORGIA,MUELLE BARON,Reside en la costa,1,69,Masculino,150000,1,4,0,ROCA INTERVENIDA,7,RocaNat,2,5,1,1,150000,Comportamiento,Nada le desagrada
CA1661950,NO MATERIAL- Exp. fís. y psic.,Inactivo,GIORGIA,MUELLE BARON,Reside en la costa,1,69,Masculino,150000,1,4,0,ROCA INTERVENIDA,7,RocaInt,2,2,1,1,150000,Comportamiento,Comportamiento
DSM020597,MATERIAL- Materiales y asistencia,Técnico/ operacional,GIORGIA,MUELLE BARON,Reside en la costa,0.14285714285714285,22,Masculino,425000,5,4,0,ROCA INTERVENIDA,7,Verde,2,2,1,0,85000,Comportamiento,Comportamiento
DSM020597,MATERIAL- Materiales y asistencia,Técnico/ operacional,GIORGIA,MUELLE BARON,Reside en la costa,0.14285714285714285,22,Masculino,425000,5,4,0,ROCA INTERVENIDA,5,Urbano,5,3,1,1,85000,Nada le agrada,Familiaridad
DSM020597,MATERIAL- Materiales y asistencia,Técnico/ operacional,GIORGIA,MUELLE BARON,Reside en la costa,0.14285714285714285,22,Masculino,425000,5,4,0,ROCA INTERVENIDA,7,PlayaNat,2,3,1,1,85000,Comportamiento,Familiaridad
DSM020597,MATERIAL- Materiales y asistencia,Técnico/ operacional,GIORGIA,MUELLE BARON,Reside en la costa,0.14285714285714285,22,Masculino,425000,5,4,0,ROCA INTERVENIDA,6,PlayaInt,2,2,1,1,85000,Comportamiento,Comportamiento
DSM020597,MATERIAL- Materiales y asistencia,Técnico/ operacional,GIORGIA,MUELLE BARON,Reside en la costa,0.14285714285714285,22,Masculino,425000,5,4,0,ROCA INTERVENIDA,7,RocaNat,2,2,1,-1,85000,Comportamiento,Comportamiento
DSM020597,MATERIAL- Materiales y asistencia,Técnico/ operacional,GIORGIA,MUELLE BARON,Reside en la costa,0.14285714285714285,22,Masculino,425000,5,4,0,ROCA INTERVENIDA,6,RocaInt,2,2,1,1,85000,Comportamiento,Comportamiento
DFG18121974,REGULACIÓN- Reg. cal. aire,Independiente,GIORGIA,MUELLE BARON,Reside en la costa,0.6666666666666666,44,Femenino,1000000,1,4,0,ROCA INTERVENIDA,7,Verde,3,5,0.04,-1,1000000,Familiaridad,Nada le desagrada
DFG18121974,REGULACIÓN- Reg. cal. aire,Independiente,GIORGIA,MUELLE BARON,Reside en la costa,0.6666666666666666,44,Femenino,1000000,1,4,0,ROCA INTERVENIDA,7,Urbano,2,5,1,0,1000000,Comportamiento,Nada le desagrada
DFG18121974,REGULACIÓN- Reg. cal. aire,Independiente,GIORGIA,MUELLE BARON,Reside en la costa,0.6666666666666666,44,Femenino,1000000,1,4,0,ROCA INTERVENIDA,7,PlayaNat,3,5,1,1,1000000,Familiaridad,Nada le desagrada
DFG18121974,REGULACIÓN- Reg. cal. aire,Independiente,GIORGIA,MUELLE BARON,Reside en la costa,0.6666666666666666,44,Femenino,1000000,1,4,0,ROCA INTERVENIDA,5,PlayaInt,3,2,1,0,1000000,Familiaridad,Comportamiento
DFG18121974,REGULACIÓN- Reg. cal. aire,Independiente,GIORGIA,MUELLE BARON,Reside en la costa,0.6666666666666666,44,Femenino,1000000,1,4,0,ROCA INTERVENIDA,7,RocaNat,3,5,0.25,1,1000000,Familiaridad,Nada le desagrada
DFG18121974,REGULACIÓN- Reg. cal. aire,Independiente,GIORGIA,MUELLE BARON,Reside en la costa,0.6666666666666666,44,Femenino,1000000,1,4,0,ROCA INTERVENIDA,7,RocaInt,3,5,1,1,1000000,Familiaridad,Nada le desagrada
MG1110,REGULACIÓN- Reg. cal. aire,Supervisor/gerente,GIORGIA,PLAZA GABRIELA MISTRAL,Reside en la costa,0.4,54,Masculino,425000,1,2,0,VERDE,6,Verde,3,5,0.25,1,425000,Familiaridad,Nada le desagrada
MG1110,REGULACIÓN- Reg. cal. aire,Supervisor/gerente,GIORGIA,PLAZA GABRIELA MISTRAL,Reside en la costa,0.4,54,Masculino,425000,1,2,0,VERDE,5,Urbano,2,5,1,1,425000,Comportamiento,Nada le desagrada
MG1110,REGULACIÓN- Reg. cal. aire,Supervisor/gerente,GIORGIA,PLAZA GABRIELA MISTRAL,Reside en la costa,0.4,54,Masculino,425000,1,2,0,VERDE,5,PlayaNat,2,5,0.04,0,425000,Comportamiento,Nada le desagrada
MG1110,REGULACIÓN- Reg. cal. aire,Supervisor/gerente,GIORGIA,PLAZA GABRIELA MISTRAL,Reside en la costa,0.4,54,Masculino,425000,1,2,0,VERDE,4,PlayaInt,5,3,0.25,1,425000,Nada le agrada,Familiaridad
MG1110,REGULACIÓN- Reg. cal. aire,Supervisor/gerente,GIORGIA,PLAZA GABRIELA MISTRAL,Reside en la costa,0.4,54,Masculino,425000,1,2,0,VERDE,7,RocaNat,3,5,1,1,425000,Familiaridad,Nada le desagrada
MG1110,REGULACIÓN- Reg. cal. aire,Supervisor/gerente,GIORGIA,PLAZA GABRIELA MISTRAL,Reside en la costa,0.4,54,Masculino,425000,1,2,0,VERDE,6,RocaInt,2,3,0.04,-1,425000,Comportamiento,Familiaridad
JV1871,NO MATERIAL- Exp. fís. y psic.,Técnico/ operacional,GIORGIA,LAS SALINAS,Reside en la costa,0.07142857142857142,54,Femenino,1000000,3,4,0,PLAYA NATURAL,7,Verde,2,5,0.25,1,333333.3333333333,Comportamiento,Nada le desagrada
JV1871,NO MATERIAL- Exp. fís. y psic.,Técnico/ operacional,GIORGIA,LAS SALINAS,Reside en la costa,0.07142857142857142,54,Femenino,1000000,3,4,0,PLAYA NATURAL,7,Urbano,3,5,1,0,333333.3333333333,Familiaridad,Nada le desagrada
JV1871,NO MATERIAL- Exp. fís. y psic.,Técnico/ operacional,GIORGIA,LAS SALINAS,Reside en la costa,0.07142857142857142,54,Femenino,1000000,3,4,0,PLAYA NATURAL,7,PlayaNat,1,1,0.01,1,333333.3333333333,Estética,Estética
JV1871,NO MATERIAL- Exp. fís. y psic.,Técnico/ operacional,GIORGIA,LAS SALINAS,Reside en la costa,0.07142857142857142,54,Femenino,1000000,3,4,0,PLAYA NATURAL,7,PlayaInt,1,5,1,1,333333.3333333333,Estética,Nada le desagrada
JV1871,NO MATERIAL- Exp. fís. y psic.,Técnico/ operacional,GIORGIA,LAS SALINAS,Reside en la costa,0.07142857142857142,54,Femenino,1000000,3,4,0,PLAYA NATURAL,7,RocaNat,2,5,0.25,1,333333.3333333333,Comportamiento,Nada le desagrada
JV1871,NO MATERIAL- Exp. fís. y psic.,Técnico/ operacional,GIORGIA,LAS SALINAS,Reside en la costa,0.07142857142857142,54,Femenino,1000000,3,4,0,PLAYA NATURAL,7,RocaInt,2,5,0.01,1,333333.3333333333,Comportamiento,Nada le desagrada
CV30011992,NO MATERIAL- Exp. fís. y psic.,Técnico/ operacional,GIORGIA,LAS SALINAS,Reside en la costa,0.16666666666666666,28,Femenino,1000000,6,2,0,PLAYA NATURAL,7,Verde,2,5,0.25,0,166666.66666666666,Comportamiento,Nada le desagrada
CV30011992,NO MATERIAL- Exp. fís. y psic.,Técnico/ operacional,GIORGIA,LAS SALINAS,Reside en la costa,0.16666666666666666,28,Femenino,1000000,6,2,0,PLAYA NATURAL,5,Urbano,4,5,1,0,166666.66666666666,Simbolismo,Nada le desagrada
CV30011992,NO MATERIAL- Exp. fís. y psic.,Técnico/ operacional,GIORGIA,LAS SALINAS,Reside en la costa,0.16666666666666666,28,Femenino,1000000,6,2,0,PLAYA NATURAL,6,PlayaNat,2,5,0.01,-1,166666.66666666666,Comportamiento,Nada le desagrada
CV30011992,NO MATERIAL- Exp. fís. y psic.,Técnico/ operacional,GIORGIA,LAS SALINAS,Reside en la costa,0.16666666666666666,28,Femenino,1000000,6,2,0,PLAYA NATURAL,5,PlayaInt,4,2,1,0,166666.66666666666,Simbolismo,Comportamiento
CV30011992,NO MATERIAL- Exp. fís. y psic.,Técnico/ operacional,GIORGIA,LAS SALINAS,Reside en la costa,0.16666666666666666,28,Femenino,1000000,6,2,0,PLAYA NATURAL,7,RocaNat,3,5,0.25,0,166666.66666666666,Familiaridad,Nada le desagrada
CV30011992,NO MATERIAL- Exp. fís. y psic.,Técnico/ operacional,GIORGIA,LAS SALINAS,Reside en la costa,0.16666666666666666,28,Femenino,1000000,6,2,0,PLAYA NATURAL,5,RocaInt,2,5,0.04,-1,166666.66666666666,Comportamiento,Nada le desagrada
EA1962,MATERIAL- Materiales y asistencia,Técnico/ operacional,GIORGIA,LAS SALINAS,Reside en la costa,0.07142857142857142,57,Femenino,425000,3,2,0,PLAYA NATURAL,7,Verde,2,5,1,0,141666.66666666666,Comportamiento,Nada le desagrada
EA1962,MATERIAL- Materiales y asistencia,Técnico/ operacional,GIORGIA,LAS SALINAS,Reside en la costa,0.07142857142857142,57,Femenino,425000,3,2,0,PLAYA NATURAL,1,Urbano,5,5,1,0,141666.66666666666,Nada le agrada,Nada le desagrada
EA1962,MATERIAL- Materiales y asistencia,Técnico/ operacional,GIORGIA,LAS SALINAS,Reside en la costa,0.07142857142857142,57,Femenino,425000,3,2,0,PLAYA NATURAL,7,PlayaNat,4,5,1,1,141666.66666666666,Simbolismo,Nada le desagrada
EA1962,MATERIAL- Materiales y asistencia,Técnico/ operacional,GIORGIA,LAS SALINAS,Reside en la costa,0.07142857142857142,57,Femenino,425000,3,2,0,PLAYA NATURAL,5,PlayaInt,5,3,0.01,0,141666.66666666666,Nada le agrada,Familiaridad
EA1962,MATERIAL- Materiales y asistencia,Técnico/ operacional,GIORGIA,LAS SALINAS,Reside en la costa,0.07142857142857142,57,Femenino,425000,3,2,0,PLAYA NATURAL,7,RocaNat,3,5,1,0,141666.66666666666,Familiaridad,Nada le desagrada
EA1962,MATERIAL- Materiales y asistencia,Técnico/ operacional,GIORGIA,LAS SALINAS,Reside en la costa,0.07142857142857142,57,Femenino,425000,3,2,0,PLAYA NATURAL,7,RocaInt,2,5,0.01,1,141666.66666666666,Comportamiento,Nada le desagrada
SA21051966,NO MATERIAL- Exp. fís. y psic.,Técnico/ operacional,GIORGIA,LAS SALINAS,Reside en la costa,0.2,53,Femenino,150000,2,4,0,PLAYA NATURAL,7,Verde,2,5,1,0,75000,Comportamiento,Nada le desagrada
SA21051966,NO MATERIAL- Exp. fís. y psic.,Técnico/ operacional,GIORGIA,LAS SALINAS,Reside en la costa,0.2,53,Femenino,150000,2,4,0,PLAYA NATURAL,7,Urbano,3,5,1,0,75000,Familiaridad,Nada le desagrada
SA21051966,NO MATERIAL- Exp. fís. y psic.,Técnico/ operacional,GIORGIA,LAS SALINAS,Reside en la costa,0.2,53,Femenino,150000,2,4,0,PLAYA NATURAL,7,PlayaInt,3,5,1,1,75000,Familiaridad,Nada le desagrada
SA21051966,NO MATERIAL- Exp. fís. y psic.,Técnico/ operacional,GIORGIA,LAS SALINAS,Reside en la costa,0.2,53,Femenino,150000,2,4,0,PLAYA NATURAL,7,RocaNat,4,5,0.25,1,75000,Simbolismo,Nada le desagrada
SA21051966,NO MATERIAL- Exp. fís. y psic.,Técnico/ operacional,GIORGIA,LAS SALINAS,Reside en la costa,0.2,53,Femenino,150000,2,4,0,PLAYA NATURAL,7,RocaInt,4,5,0.01,0,75000,Simbolismo,Nada le desagrada
DP201099,NO MATERIAL- Exp. fís. y psic.,Técnico/ operacional,GIORGIA,LAS SALINAS,Reside en la costa,0.14285714285714285,20,Femenino,1000000,8,4,0.5,PLAYA NATURAL,7,Verde,2,5,1,1,125000,Comportamiento,Nada le desagrada
DP201099,NO MATERIAL- Exp. fís. y psic.,Técnico/ operacional,GIORGIA,LAS SALINAS,Reside en la costa,0.14285714285714285,20,Femenino,1000000,8,4,0.5,PLAYA NATURAL,7,Urbano,2,5,1,1,125000,Comportamiento,Nada le desagrada
DP201099,NO MATERIAL- Exp. fís. y psic.,Técnico/ operacional,GIORGIA,LAS SALINAS,Reside en la costa,0.14285714285714285,20,Femenino,1000000,8,4,0.5,PLAYA NATURAL,7,PlayaNat,3,5,1,1,125000,Familiaridad,Nada le desagrada
DP201099,NO MATERIAL- Exp. fís. y psic.,Técnico/ operacional,GIORGIA,LAS SALINAS,Reside en la costa,0.14285714285714285,20,Femenino,1000000,8,4,0.5,PLAYA NATURAL,7,PlayaInt,4,5,1,1,125000,Simbolismo,Nada le desagrada
DP201099,NO MATERIAL- Exp. fís. y psic.,Técnico/ operacional,GIORGIA,LAS SALINAS,Reside en la costa,0.14285714285714285,20,Femenino,1000000,8,4,0.5,PLAYA NATURAL,7,RocaNat,3,5,1,1,125000,Familiaridad,Nada le desagrada
DP201099,NO MATERIAL- Exp. fís. y psic.,Técnico/ operacional,GIORGIA,LAS SALINAS,Reside en la costa,0.14285714285714285,20,Femenino,1000000,8,4,0.5,PLAYA NATURAL,7,RocaInt,3,5,1,1,125000,Familiaridad,Nada le desagrada
SA21051966,NA,NA,NA,NA,NA,NA,NA,NA,NA,NA,NA,NA,NA,NA,PlayaNat,4,5,1,1,NA,Simbolismo,Nada le desagrada
